{
  "accuracy": 0.9891625615763546,
  "f1": 0.9837758112094396,
  "roc_auc": 0.9994617792290451,
  "loss": 0.03541336360422065
}